item_id,item_name,inventory_count,sold_count,item_description,retail_price,vendor_price,vendor_id
3001,Home Improvement Gear,24,24,"Fusce lorem est, molestie ut dictum id, pretium vel odio",35,0,770001
3002,Truck Attachment,31,31,Etiam maximus blandit lacinia,115.99,0,770222
3003,Engine Gear,20,20,"Proin interdum, nibh tincidunt varius facilisis, libero ante maximus urna, nec pulvinar tortor elit in diam",76,0,779999
3004,Home Improvement Device,36,36,"Cras mauris orci, ornare in ex sed, dapibus semper mauris",67.99,0,770003
3005,Kitchen Accessory,42,42,Vestibulum eu lacus eget massa dignissim efficitur vitae malesuada leo,57.95,0,770002
3006,First Aid Tool,53,53,"Maecenas mollis metus metus, ut molestie orci interdum ac",153.95,0,770001
3007,Womens Apparatus,50,50,Nunc pretium elit non felis placerat placerat,67,0,770222
3008,Personal Tool,44,44,"Vivamus at augue scelerisque, bibendum est vel, aliquam ligula",88.99,0,779999
3009,Book Mechanism,56,56,Fusce eget orci non sapien gravida sagittis,77.99,0,770003
3010,Kids Doodad,41,41,"Proin auctor urna sed erat lacinia, et aliquam lacus hendrerit",105.95,0,770002
3011,Bedding Contraption,70,70,Ut non nisi felis,185,0,770001
3012,Biking Item,19,19,Nunc pretium nisi aliquam rutrum elementum,197.95,0,770222
3013,Kitchen Gear,54,54,Maecenas ac mollis sem.,177.99,0,779999
3014,Car Widget,31,31,Mauris eget ullamcorper nibh.,100,0,770003
3015,Gardening Machine,0,20,Sed interdum et tortor ut laoreet,109.99,0,770002
3016,First Aid Attachment,31,31,"Aenean dignissim urna et ante ullamcorper, eget finibus lorem feugiat",69.95,0,770001
3017,Biking Doodad,38,38,"Duis sed sem posuere, malesuada nibh eget, scelerisque sem",162.99,0,770222
3018,Book Accessory,41,41,Mauris interdum vitae quam ac ornare,107,0,779999
3019,Hair Care Doodad,47,47,Phasellus dignissim risus vitae tellus elementum convallis,81.95,0,770003
3020,Storage Apparatus,62,62,Integer semper sed massa in sodales,132.99,0,770002
3021,Tire Component,43,43,"Quisque sit amet nunc euismod, faucibus arcu sit amet, sollicitudin mi",44,0,770001
3022,Camera Accessory,57,57,"Integer tellus nisi, auctor ut sapien id, eleifend ultricies nisl",20,0,770222
3023,Cooking Widget,41,41,Proin in neque vel lorem tincidunt laoreet eget faucibus est,85,0,779999
3024,Fitness Rig,58,58,"In ullamcorper augue massa, tincidunt interdum mauris pulvinar non",120.95,0,770003
3025,Baby Gizmo,45,45,"Vivamus id blandit lectus, eget vehicula nulla",31.95,0,770002
3026,Beach Equipment,35,35,Cras pharetra iaculis urna porttitor vestibulum,13,0,770001
3027,Book Attachment,46,46,"Nunc ligula mi, scelerisque vitae lobortis vitae, blandit a dolor",104.95,0,770222
3028,Music Whatchamacallit,29,29,"Mauris ipsum dui, tempor sit amet ligula vel, sollicitudin malesuada est",166.99,0,779999
3029,Medicine Implement,27,27,"Vestibulum ante ipsum primis in faucibus orci luctus et ultrices posuere cubilia curae; Phasellus malesuada tempor odio, sed imperdiet sapien",22,0,770003
3030,Baby Attachment,29,29,Cras at semper elit.,40.95,0,770002
3031,Medicine Attachment,59,59,"Nulla ut laoreet massa, pretium tincidunt quam.",13.95,0,770001
3032,Camping Item,34,34,Nullam iaculis sed tellus fringilla pellentesque,104.99,0,770222
3033,Toy Equipment,68,68,"Donec lectus elit, gravida sit amet elit in, feugiat auctor dui",197.95,0,779999
3034,Medicine Doodad,34,34,Sed id convallis tellus,192.99,0,770003
3035,Swimming Item,31,31,Donec tempus maximus purus et ultricies,185.99,0,770002
3036,Cleaning Kit,27,27,"Donec non feugiat quam, et vestibulum felis",105.95,0,770001
3037,Medicine Rig,68,68,"Quisque tincidunt ligula in est lacinia, non malesuada risus semper",103.99,0,770222
3038,Makeup Contraption,27,27,Aliquam dapibus et lectus id tincidunt,108.95,0,779999
3039,Baby Thingamajig,59,59,"Sed tellus est, iaculis quis justo vitae, fringilla consectetur nibh",162.95,0,770003
3040,Tire Apparatus,45,45,Nulla cursus dignissim risus et vulputate,83.95,0,770002
3041,Fitness Component,51,51,Pellentesque quis mollis tortor,148.95,0,770001
3042,Book Instrument,77,77,"Mauris at fringilla augue, nec varius nibh",69,0,770222
3043,Technology Widget,43,43,Pellentesque vel suscipit metus.,66.99,0,779999
3044,Party Contraption,26,26,"Integer ut vehicula odio, eget rhoncus tellus",32,0,770003
3045,Truck Kit,58,58,Pellentesque ac risus consequat orci congue malesuada in nec mi,140.99,0,770002
3046,Cooking Contraption,76,76,Integer accumsan rutrum risus vel dictum,130.99,0,770001
3047,Hair Care Equipment,18,18,In hac habitasse platea dictumst,34.95,0,770222
3048,Outdoors Apparatus,74,74,Aenean vitae consequat elit,167.95,0,779999
3049,Storage Paraphernalia,37,37,"Etiam ut feugiat magna, ac consectetur eros",101.95,0,770003
3050,Kitchen Device,61,61,"Nam accumsan, risus sit amet finibus tristique, nibh libero efficitur dolor, vel lobortis tortor ligula sed nunc",113.95,0,770002
3051,Hair Care Instrument,65,65,"Integer et urna laoreet, ullamcorper dui faucibus, ullamcorper dui",155,0,770001
3052,Game Item,72,72,"Fusce elit mi, tincidunt quis nisl commodo, ultrices ornare sem",108.99,0,770222
3053,Outdoors Thingamajig,72,72,Interdum et malesuada fames ac ante ipsum primis in faucibus,79,0,779999
3054,Phone Gear,36,36,Integer posuere nulla egestas dignissim faucibus,148.99,0,770003
3055,Womens Gear,58,58,"Nullam viverra elit lectus, ac pellentesque lorem porttitor vulputate",173.99,0,770002
3056,Kids Attachment,27,27,"Quisque bibendum fermentum sapien, id volutpat ex imperdiet vel",109.99,0,770001
3057,Camping Rig,36,36,Proin vitae ligula ut enim gravida viverra,90.99,0,770222
3058,Beach Doodad,54,54,Quisque nec imperdiet lectus,17,0,779999
3059,Book Machine,59,59,Donec non lectus quis tellus ultrices cursus,181.99,0,770003
3060,Tire Gizmo,59,59,"Nulla vestibulum fringilla nulla, eget ornare urna hendrerit quis",193.95,0,770002
3061,Bedding Supplies,25,25,"Vivamus at augue scelerisque, bibendum est vel, aliquam ligula",163.95,0,770001
3062,Engine Gear,22,22,Proin semper efficitur nulla nec egestas,115.95,0,770222
3063,Personal Gear,36,36,"Integer ligula leo, blandit ut lorem tempus, eleifend convallis odio",11.99,0,779999
3064,Outdoors Contraption,23,23,Morbi sed mauris tellus,28,0,770003
3065,Music Equipment,18,18,In iaculis in risus condimentum rhoncus,16,0,770002
3066,Storage Component,75,75,Curabitur non nisl at tortor elementum condimentum,199.99,0,770001
3067,Truck Tool,51,51,Proin in neque vel lorem tincidunt laoreet eget faucibus est,97.99,0,770222
3068,Furniture Component,59,59,"Suspendisse id finibus orci, a vehicula nibh",115.95,0,779999
3069,Gardening Apparatus,65,65,Ut sit amet eros orci,28.95,0,770003
3070,Movie Machine,56,56,"Phasellus diam felis, vestibulum in ornare et, euismod et dolor",167.99,0,770002
3071,Biking Contraption,32,32,Ut dapibus ut odio sit amet vehicula,164.99,0,770001
3072,Movie Rig,45,45,"Proin vulputate pulvinar quam, aliquet iaculis eros pellentesque ac",121,0,770222
3073,First Aid Implement,28,28,Quisque sagittis lectus lacinia orci aliquet sollicitudin,19,0,779999
3074,Kids Tool,76,76,Nulla rutrum volutpat porta,87.99,0,770003
3075,Mens Whatchamacallit,22,22,Curabitur rhoncus ultricies laoreet,148.99,0,770002
3076,Aquarium Accessory,0,58,Donec pellentesque magna sed elementum hendrerit,156.99,0,770001
3077,Computer Equipment,70,70,"Praesent ante tortor, auctor in eleifend a, ornare vitae odio",59.99,0,770222
3078,Dining Machine,54,54,Nunc nec felis leo,30,0,779999
3079,Music Contraption,49,49,Pellentesque quis mollis tortor,119.95,0,770003
3080,Swimming Attachment,55,55,"Donec accumsan sapien vel nulla tristique, id convallis risus commodo",169.99,0,770002
3081,Home Improvement Gear,29,29,Etiam maximus blandit lacinia,10.95,0,770001
3082,Nutrition Attachment,51,51,Aliquam id tortor eu nulla bibendum pellentesque,30.95,0,770222
3083,Kitchen Attachment,74,74,Proin et cursus mauris,143.95,0,779999
3084,Furniture Implement,32,32,Nulla non nibh ante,104.95,0,770003
3085,Car Contraption,76,76,"In magna sem, tincidunt ultrices efficitur rutrum, facilisis sit amet nibh",192.95,0,770002
3086,Phone Thingamajig,71,71,Curabitur tempus sed mi eget pretium,199.99,0,770001
3087,Aquarium Kit,46,46,Suspendisse faucibus volutpat lacus quis auctor,38.99,0,770222
3088,Beach Gear,61,61,Curabitur fringilla lacus ac lacus dignissim condimentum mollis in est,188.99,0,779999
3089,First Aid Gadget,28,28,"Pellentesque dictum neque purus, non cursus enim venenatis vitae",110.99,0,770003
3090,Engine Item,47,47,Aliquam dapibus et lectus id tincidunt,124.95,0,770002
3091,Furniture Instrument,32,32,Nulla id mi quis lorem malesuada gravida.,103.99,0,770001
3092,Baby Doodad,29,29,Integer ultricies viverra ipsum id luctus,78.99,0,770222
3093,Hair Care Contraption,43,43,In sed lacus ac mi placerat congue,188.99,0,779999
3094,Bedding Instrument,24,24,"Curabitur dapibus ultricies felis, vel ullamcorper erat ultrices eu.",155.95,0,770003
3095,Computer Instrument,46,46,Mauris vel tincidunt risus,184.99,0,770002
3096,Party Apparatus,57,57,Proin rutrum sodales lacinia,80,0,770001
3097,Fitness Machine,53,53,"Nullam quis sem placerat, dictum massa sit amet, rhoncus dolor",50.95,0,770222
3098,Kitchen Instrument,71,71,Etiam ac tempus felis,191.99,0,779999
3099,Personal Gadget,68,68,Quisque nec libero odio,179.99,0,770003
3100,Dining Supplies,33,33,Vivamus suscipit dolor in nisi dapibus fermentum,115.99,0,770002
3101,Home Improvement Equipment,54,54,In scelerisque hendrerit sem ac mollis,34,0,770001
3102,Dining Gadget,56,56,Donec pharetra sem congue elementum venenatis,187,0,770222
3103,Personal Mechanism,43,43,Cras nec turpis eu enim vestibulum condimentum eu eget nunc,174.99,0,779999
3104,Hair Care Accessory,52,52,"Nulla neque tellus, ultrices non consequat vitae, vehicula vulputate orci",47.99,0,770003
3105,Hair Care Paraphernalia,31,31,Nulla vestibulum maximus justo eget efficitur,178,0,770002
3106,Baby Supplies,23,23,"Sed purus urna, egestas ac dolor vehicula, cursus mattis turpis",141.99,0,770001
3107,Gardening Gear,40,40,"Donec interdum, lorem consectetur condimentum mollis, mauris sem pretium turpis, sed faucibus magna tortor a erat.",93,0,770222
3108,Biking Accessory,62,62,"Nullam et malesuada justo, ac scelerisque libero",35.99,0,779999
3109,Toy Implement,74,74,Nulla eu justo lorem.,13.99,0,770003
3110,Truck Item,34,34,"Aliquam rutrum est est, vitae semper nisi sodales vitae",184,0,770002
3111,Kitchen Component,73,73,"Donec euismod tincidunt arcu, sit amet euismod purus placerat non",174.95,0,770001
3112,Fitness Doodad,45,45,Sed nec dictum sem,170.99,0,770222
3113,Engine Gear,46,46,"Duis suscipit, odio convallis luctus pulvinar, urna turpis vehicula urna, et pulvinar dolor justo id lacus",122.99,0,779999
3114,Cooking Paraphernalia,62,62,Vivamus in est et elit dignissim dignissim,37.99,0,770003
3115,Swimming Equipment,66,66,Nullam venenatis auctor magna quis cursus,192.99,0,770002
3116,Personal Component,67,67,"Sed volutpat porttitor arcu, ac condimentum ligula",61,0,770001
3117,Beach Gadget,44,44,In eget dolor non metus fermentum scelerisque.,26.99,0,770222
3118,Storage Tool,34,34,"Curabitur ex nibh, ullamcorper ut sollicitudin eget, lacinia eget dolor.",47.95,0,779999
3119,Womens Component,59,59,Donec venenatis tincidunt eros nec volutpat,70.95,0,770003
3120,Phone Implement,77,77,Aliquam eleifend imperdiet volutpat,115.95,0,770002
3121,Womens Kit,20,20,Vestibulum quis accumsan turpis,106.95,0,770001
3122,Home Improvement Accessory,59,59,Nunc dignissim maximus varius,87.99,0,770222
3123,Swimming Supplies,65,65,Proin ut ex nec magna blandit maximus ac in magna,65,0,779999
3124,Outdoors Gear,42,42,Proin in mi ex.,184,0,770003
3125,Biking Instrument,70,70,"Aliquam a ligula ornare, ullamcorper mauris a, tempor justo",55.99,0,770002
3126,Camera Widget,53,53,Nulla eu justo lorem.,176.99,0,770001
3127,Bedding Accessory,62,62,Pellentesque faucibus tempor mi eget tincidunt,84,0,770222
3128,Movie Component,28,28,Ut eu nulla vitae ipsum vestibulum eleifend,195,0,779999
3129,Cat Gadget,70,70,Sed rutrum lobortis erat finibus aliquam,141.95,0,770003
3130,Toy Paraphernalia,61,61,Vestibulum ante ipsum primis in faucibus orci luctus et ultrices posuere cubilia curae; Nam a lectus nibh.,185.95,0,770002
3131,Baby Instrument,36,36,"Fusce imperdiet augue id tellus laoreet, ac blandit ante ullamcorper",146.95,0,770001
3132,Kids Machine,37,37,Suspendisse ornare quis odio eget suscipit,48.95,0,770222
3133,Bedding Supplies,75,75,"Sed sagittis, metus eu fermentum ultrices, nibh risus malesuada felis, eu interdum ipsum felis nec nulla",189,0,779999
3134,Storage Tool,55,55,Nulla ac libero felis,101,0,770003
3135,Medicine Implement,70,70,Cras et pulvinar lorem,68.99,0,770002
3136,Party Kit,46,46,Fusce quis dui sed ligula viverra tempus in ac orci,187.95,0,770001
3137,Kitchen Tool,50,50,"Integer viverra venenatis mauris, a pharetra dolor accumsan a",88.99,0,770222
3138,Mens Doodad,38,38,"Pellentesque gravida, quam quis consequat consequat, erat elit faucibus nulla, vel condimentum est nulla ac ligula",97,0,779999
3139,Cleaning Instrument,63,63,Sed venenatis maximus bibendum,145.99,0,770003
3140,Swimming Rig,69,69,"In vitae justo aliquam, molestie dui eu, varius odio",112,0,770002
3141,Party Thingamajig,43,43,Cras accumsan faucibus purus a consequat,50.99,0,770001
3142,Outdoors Component,65,65,Nullam aliquet sodales ligula vel fringilla,64,0,770222
3143,Truck Whatchamacallit,30,30,Integer ut tellus leo,79.99,0,779999
3144,Sports Kit,49,49,Nulla non odio eget orci rhoncus tempor id at enim.,147,0,770003
3145,Nutrition Whatchamacallit,18,18,Pellentesque vel suscipit metus.,103.95,0,770002
3146,Truck Supplies,52,52,Aenean laoreet nulla id quam fermentum facilisis,137.99,0,770001
3147,Outdoors Machine,62,62,Vestibulum tempor dictum felis non condimentum,157,0,770222
3148,Aquarium Device,62,62,Vestibulum venenatis pellentesque augue in dictum.,45.99,0,779999
3149,Personal Contraption,62,62,Ut maximus pretium ex sit amet malesuada,164,0,770003
3150,Gardening Gadget,36,36,Praesent ut nibh vitae eros vestibulum semper,76.99,0,770002
3151,Baby Gear,66,66,Donec eu lorem lectus,55.95,0,770001
3152,Jewelry Widget,40,40,"Phasellus vehicula est ex, elementum consequat dui ornare non",143,0,770222
3153,Sports Gizmo,24,24,Donec quis elit sit amet justo porttitor condimentum et nec urna,151.99,0,779999
3154,Phone Tool,33,33,Nunc pulvinar dui eu vulputate sagittis,140.99,0,770003
3155,Beach Gear,61,61,Pellentesque vel ultrices felis,141,0,770002
3156,Movie Implement,34,34,Phasellus molestie justo a metus pellentesque finibus,166,0,770001
3157,Hair Care Doodad,22,22,Sed interdum et tortor ut laoreet,172.95,0,770222
3158,Swimming Rig,48,48,Nulla in diam ut magna semper varius.,64.99,0,779999
3159,Mens Tool,31,31,Nulla congue posuere ligula ac pulvinar,20,0,770003
3160,Nutrition Gear,49,49,Vivamus suscipit dolor in nisi dapibus fermentum,182.99,0,770002
3161,Baby Component,25,25,Pellentesque posuere imperdiet maximus,78.95,0,770001
3162,Personal Contraption,41,41,"Ut non hendrerit velit, nec mattis dolor",119.95,0,770222
3163,Camera Contraption,67,67,Aenean eget turpis quis lorem porta condimentum eu vel orci,59.99,0,779999
3164,Skin Care Rig,53,53,Aenean vitae consequat elit,20.99,0,770003
3165,Kitchen Thingamajig,44,44,Sed id congue augue.,192,0,770002
3166,Dog Doodad,76,76,"Proin vitae venenatis nibh, at tempus nibh",84.99,0,770001
3167,Nutrition Implement,39,39,"Etiam viverra, lacus ac mollis suscipit, eros enim varius metus, a pulvinar velit nunc congue sapien",23.99,0,770222
3168,Car Apparatus,64,64,"Phasellus vitae ullamcorper lectus, non mattis augue",133.99,0,779999
3169,Phone Implement,69,69,"Integer luctus orci vel metus elementum, sit amet rutrum nisi cursus",144.95,0,770003
3170,Bedding Tool,44,44,Etiam interdum odio nec suscipit finibus,143.95,0,770002
3171,Cleaning Gizmo,23,23,Duis id enim sed lectus pellentesque lobortis in sit amet magna,47.95,0,770001
3172,Movie Kit,62,62,"Nullam malesuada nulla tellus, a condimentum nulla pulvinar vel",110.95,0,770222
3173,Dog Instrument,62,62,Maecenas condimentum eros eget vestibulum aliquam,92.95,0,779999
3174,Outdoors Paraphernalia,57,57,"Sed luctus metus velit, ut molestie ipsum auctor quis",145.99,0,770003
3175,Car Machine,66,66,"Curabitur volutpat nisl ut arcu fermentum, sit amet commodo lectus viverra",138.99,0,770002
3176,Party Mechanism,57,57,Proin ut ex nec magna blandit maximus ac in magna,15.99,0,770001
3177,Game Attachment,27,27,Phasellus eu urna sapien,109.95,0,770222
3178,Jewelry Equipment,32,32,"Nam vestibulum lacus neque, quis maximus ipsum maximus at",39.99,0,779999
3179,Home Improvement Paraphernalia,46,46,Aenean hendrerit venenatis auctor.,33.99,0,770003
3180,Storage Paraphernalia,47,47,Quisque id est turpis,25,0,770002
3181,Outdoors Whatchamacallit,61,61,Suspendisse hendrerit ornare lorem ut pulvinar,84,0,770001
3182,Technology Thingamajig,71,71,"Maecenas nisi libero, dignissim nec faucibus nec, elementum vitae neque",191.95,0,770222
3183,Biking Component,77,77,Mauris ac sapien a est dictum volutpat,124.95,0,779999
3184,Aquarium Implement,64,64,"Sed purus urna, egestas ac dolor vehicula, cursus mattis turpis",89.95,0,770003
3185,Kitchen Device,42,42,"Cras pellentesque nunc at libero scelerisque, id ultricies turpis sagittis",28.99,0,770002
3186,Movie Device,38,38,Maecenas ut commodo lacus,74,0,770001
3187,Game Doodad,33,33,Praesent gravida convallis ipsum a euismod,29,0,770222
3188,Fitness Mechanism,73,73,"Aenean vehicula, dui ac molestie dapibus, dui diam semper urna, eu porta elit magna eget justo",48.95,0,779999
3189,Phone Implement,72,72,Suspendisse potenti,14.99,0,770003
3190,Swimming Tool,65,65,In mattis pulvinar ex in lobortis.,177.95,0,770002
3191,Storage Attachment,41,41,Etiam ac ultrices augue,154,0,770001
3192,Beach Item,71,71,"Nullam viverra elit lectus, ac pellentesque lorem porttitor vulputate",120,0,770222
3193,Dining Gear,31,31,"In imperdiet purus metus, id condimentum lectus ultricies vel",163.95,0,779999
3194,Kitchen Machine,35,35,"Praesent elementum nibh vitae metus dignissim, vel suscipit lorem volutpat",166.99,0,770003
3195,Furniture Thingamajig,54,54,"Vestibulum sollicitudin dignissim mauris, vitae aliquet nisi vestibulum vitae.",147.95,0,770002
3196,Makeup Attachment,70,70,Curabitur fringilla lacus ac lacus dignissim condimentum mollis in est,23.99,0,770001
3197,Party Whatchamacallit,59,59,"Proin sapien tortor, fermentum eu ante vel, faucibus euismod tellus",126.95,0,770222
3198,Kitchen Kit,56,56,Quisque vel felis libero,26.99,0,779999
3199,Biking Gizmo,43,43,Etiam malesuada et enim nec gravida,136,0,770003
3200,Book Machine,51,51,"Nullam malesuada nulla tellus, a condimentum nulla pulvinar vel",75.95,0,770002
3201,Music Contraption,43,43,Etiam gravida purus porta arcu luctus pharetra,17,0,770001
3202,Cooking Whatchamacallit,65,65,In iaculis in risus condimentum rhoncus,51.95,0,770222
3203,Medicine Paraphernalia,41,41,Sed consequat felis sed elementum semper,171.95,0,779999
3204,Nutrition Doodad,66,66,"Suspendisse quam erat, euismod eget velit sed, elementum venenatis lacus",11.99,0,770003
3205,Outdoors Accessory,45,45,In iaculis in risus condimentum rhoncus,130,0,770002
3206,Camera Instrument,20,20,"Etiam neque libero, semper sed ex eu, rutrum dignissim diam",77.95,0,770001
3207,Camping Thingamajig,51,51,Vestibulum ornare arcu est,27,0,770222
3208,Medicine Component,61,61,"Duis sed dapibus orci, nec iaculis nisi",192.95,0,779999
3209,Phone Rig,68,68,Vestibulum sagittis dolor nec sodales rutrum,106.95,0,770003
3210,First Aid Attachment,36,36,"Maecenas laoreet tellus augue, id dictum magna dictum non",164.95,0,770002
3211,Toy Supplies,62,62,Vestibulum ante ipsum primis in faucibus orci luctus et ultrices posuere cubilia curae; Suspendisse luctus luctus metus et eleifend,88,0,770001
3212,Mens Accessory,55,55,Sed id nulla velit.,30,0,770222
3213,Tire Widget,27,27,"Maecenas molestie imperdiet purus, eget imperdiet velit convallis sed",160.99,0,779999
3214,Sports Component,19,19,"Sed leo arcu, venenatis quis blandit eu, hendrerit ut arcu",12,0,770003
3215,Dining Accessory,35,35,"Duis suscipit, odio convallis luctus pulvinar, urna turpis vehicula urna, et pulvinar dolor justo id lacus",116,0,770002
3216,First Aid Contraption,51,51,"Pellentesque dictum neque purus, non cursus enim venenatis vitae",94.99,0,770001
3217,Mens Attachment,70,70,"Morbi dignissim ipsum orci, sit amet malesuada tortor venenatis tempor",104.99,0,770222
3218,First Aid Gizmo,49,49,"Suspendisse a auctor tortor, in lacinia massa",157.95,0,779999
3219,Skin Care Equipment,66,66,Sed ultrices nunc enim,104.99,0,770003
3220,Kitchen Rig,66,66,Praesent quis nisl congue dui pretium tempor,77,0,770002
3221,Computer Kit,57,57,"Sed volutpat porttitor arcu, ac condimentum ligula",138,0,770001
3222,Movie Machine,45,45,"Aenean erat tortor, vehicula vitae mattis non, elementum vel urna",94.99,0,770222
3223,Womens Mechanism,35,35,"Donec quis gravida lorem, vel ornare nunc",105.95,0,779999
3224,Makeup Supplies,18,18,"Suspendisse cursus diam nulla, eu pellentesque ipsum viverra at",45.99,0,770003
3225,Makeup Doodad,22,22,"Sed quis cursus turpis, lacinia interdum dolor",83.95,0,770002
3226,Sports Supplies,35,35,"Donec ut urna varius, porta turpis ut, interdum massa",38.95,0,770001
3227,Fitness Gizmo,60,60,"Mauris justo ligula, gravida eget posuere eget, ultrices ut augue",186.95,0,770222
3228,Tire Gear,45,45,Nunc faucibus nec diam mattis semper,98.99,0,779999
3229,Movie Tool,43,43,Praesent sit amet ex eget massa malesuada laoreet ac non sapien,168.95,0,770003
3230,Book Instrument,68,68,Proin vitae rutrum nibh,166.95,0,770002
3231,Toy Gadget,40,40,Duis at arcu non leo facilisis ullamcorper in sit amet orci,146.95,0,770001
3232,Kids Machine,35,35,Mauris nec molestie tortor,17,0,770222
3233,Bath Component,71,71,Sed ac commodo ligula,57.99,0,779999
3234,Truck Doodad,42,42,Sed bibendum egestas lacinia.,89,0,770003
3235,Tire Thingamajig,39,39,"Fusce orci justo, elementum vel mi sit amet, ultrices tempor eros",157.99,0,770002
3236,First Aid Supplies,71,71,"Suspendisse id finibus orci, a vehicula nibh",90.95,0,770001
3237,Home Improvement Gadget,32,32,"Vivamus sit amet fringilla massa, id maximus libero",170.95,0,770222
3238,Engine Apparatus,63,63,"Curabitur tincidunt placerat ante, ac venenatis tellus ullamcorper cursus.",33.95,0,779999
3239,Truck Tool,63,63,Nullam id augue vitae nulla interdum pharetra ut et turpis,198,0,770003
3240,Bedding Implement,19,19,Pellentesque habitant morbi tristique senectus et netus et malesuada fames ac turpis egestas,62.95,0,770002
3241,Music Apparatus,20,20,"Nam venenatis metus nibh, malesuada vestibulum purus consectetur eu",48.95,0,770001
3242,Outdoors Gadget,76,76,Fusce eget orci non sapien gravida sagittis,105,0,770222
3243,Kitchen Apparatus,74,74,Curabitur iaculis vitae erat in eleifend.,179.95,0,779999
3244,Storage Machine,58,58,"Maecenas pellentesque pellentesque mauris, at varius risus posuere ac",58,0,770003
3245,Bedding Instrument,43,43,Pellentesque dictum ante vitae tempor sodales,79.99,0,770002
3246,Medicine Component,59,59,Proin in neque vel lorem tincidunt laoreet eget faucibus est,79.99,0,770001
3247,Swimming Device,66,66,"Morbi suscipit mi eget tortor euismod, a congue nibh finibus",23.99,0,770222
3248,Dog Supplies,21,21,"Mauris euismod, est nec consectetur blandit, diam nisi lobortis enim, vitae suscipit libero erat hendrerit sapien",11,0,779999
3249,Gardening Instrument,59,59,Etiam ut venenatis leo.,13.95,0,770003
3250,Vitamin Contraption,56,56,Phasellus mattis justo non metus vulputate vehicula,128.99,0,770002
3251,Fitness Gadget,47,47,Fusce eget orci non sapien gravida sagittis,73.95,0,770001
3252,Truck Machine,35,35,"Proin auctor urna sed erat lacinia, et aliquam lacus hendrerit",169.99,0,770222
3253,Book Instrument,42,42,"Donec euismod tincidunt arcu, sit amet euismod purus placerat non",23.99,0,779999
3254,Storage Gizmo,68,68,In lacinia nunc sagittis mauris ullamcorper interdum,180,0,770003
3255,Jewelry Gear,28,28,"Morbi dignissim ipsum orci, sit amet malesuada tortor venenatis tempor",119,0,770002
3256,Camping Widget,18,18,Suspendisse potenti,95,0,770001
3257,Sports Thingamajig,35,35,Ut venenatis id velit id interdum,170.95,0,770222
3258,Aquarium Gizmo,56,56,"Sed leo arcu, venenatis quis blandit eu, hendrerit ut arcu",97.99,0,779999
3259,Camping Widget,37,37,Fusce efficitur metus ut orci ullamcorper suscipit,116.99,0,770003
3260,Phone Apparatus,27,27,"Vivamus justo nulla, tempus et magna et, cursus scelerisque turpis",153.99,0,770002
3261,Toy Instrument,49,49,"Donec fringilla erat a neque dignissim, sit amet pharetra odio pulvinar",184.99,0,770001
3262,Baby Gizmo,74,74,"Maecenas augue risus, mattis fringilla facilisis nec, maximus sed ligula",15,0,770222
3263,Engine Paraphernalia,61,61,Sed id convallis tellus,133.99,0,779999
3264,Truck Mechanism,18,18,Donec vitae risus vel lacus eleifend scelerisque.,168.95,0,770003
3265,Biking Gear,62,62,Curabitur sit amet felis ac tellus blandit sagittis vel eget arcu,25.95,0,770002
3266,Biking Machine,77,77,"Aenean dignissim urna et ante ullamcorper, eget finibus lorem feugiat",111.95,0,770001
3267,Swimming Supplies,18,18,Curabitur id est egestas neque mattis laoreet vel vitae lectus,96,0,770222
3268,Storage Item,26,26,Nunc egestas elementum laoreet,178.99,0,779999
3269,Mens Contraption,26,26,"Quisque ultricies massa turpis, quis venenatis justo vehicula vel",178,0,770003
3270,Computer Kit,33,33,Ut non nisi felis,81.99,0,770002
3271,Movie Machine,26,26,In vitae dui mi,138.99,0,770001
3272,Home Improvement Doodad,73,73,"Morbi suscipit mi eget tortor euismod, a congue nibh finibus",58,0,770222
3273,Computer Kit,45,45,"Nunc ut purus vestibulum, tincidunt nunc in, congue ante",84,0,779999
3274,Personal Equipment,65,65,"In rhoncus ante at lacus maximus, at gravida velit viverra",181.95,0,770003
3275,Gardening Supplies,46,46,Integer laoreet purus eget enim imperdiet ultrices,48.95,0,770002
3276,Kids Apparatus,73,73,Fusce at nunc orci,195.95,0,770001
3277,Beach Accessory,45,45,Praesent eget velit quam,85.99,0,770222
3278,Camping Item,29,29,Praesent maximus cursus imperdiet,27.95,0,779999
3279,First Aid Supplies,69,69,Ut molestie mollis urna in lobortis,167.99,0,770003
3280,Engine Tool,19,19,"Mauris orci ex, convallis efficitur dapibus id, viverra ac nibh.",20,0,770002
3281,Camera Gadget,26,26,"Proin vulputate pulvinar quam, aliquet iaculis eros pellentesque ac",103.95,0,770001
3282,Swimming Apparatus,66,66,Fusce convallis consequat sodales,47,0,770222
3283,Computer Mechanism,66,66,"Mauris magna risus, scelerisque in lacinia non, pulvinar nec nulla",41.95,0,779999
3284,Medicine Gear,55,55,"Aliquam diam quam, consequat et vestibulum vel, elementum nec elit",116.99,0,770003
3285,Gardening Paraphernalia,40,40,Phasellus varius dapibus nisi a egestas,15,0,770002
3286,Mens Implement,42,42,Vestibulum ante ipsum primis in faucibus orci luctus et ultrices posuere cubilia curae; Nam a lectus nibh.,96,0,770001
3287,Car Machine,18,18,Praesent maximus cursus imperdiet,145.99,0,770222
3288,Furniture Item,20,20,Pellentesque ac risus consequat orci congue malesuada in nec mi,59,0,779999
3289,Storage Gadget,67,67,"In sollicitudin, tellus nec vehicula luctus, sem lacus cursus felis, ac fringilla ante nisi ac sapien",153.99,0,770003
3290,Car Doodad,34,34,"In semper urna sem, sagittis rutrum magna volutpat in",52.99,0,770002
3291,Kitchen Paraphernalia,23,23,"Vivamus mauris quam, accumsan at metus ut, ullamcorper luctus sem",133,0,770001
3292,Baby Component,58,58,Nulla sodales mi eu neque porta facilisis,160,0,770222
3293,Computer Mechanism,53,53,"Donec interdum, enim eu porttitor facilisis, nunc nunc viverra dui, vitae viverra ipsum felis ac neque",11,0,779999
3294,Biking Equipment,18,18,"Vivamus fringilla dui quis mi iaculis, eget sodales arcu vulputate",84.99,0,770003
3295,Swimming Machine,20,20,Ut at pharetra lectus,94,0,770002
3296,Swimming Component,56,56,"Duis suscipit, odio convallis luctus pulvinar, urna turpis vehicula urna, et pulvinar dolor justo id lacus",128.95,0,770001
3297,Aquarium Contraption,58,58,"Phasellus luctus nibh vestibulum, dignissim ligula vel, tristique libero",75,0,770222
3298,Sports Whatchamacallit,37,37,"Nunc congue metus in nisi consequat, at elementum tellus laoreet",81.95,0,779999
3299,Fitness Apparatus,27,27,Etiam malesuada et enim nec gravida,193.95,0,770003
3300,First Aid Implement,43,43,"Duis suscipit, odio convallis luctus pulvinar, urna turpis vehicula urna, et pulvinar dolor justo id lacus",129.99,0,770002
3301,Camera Rig,23,23,Phasellus tincidunt tristique placerat,164.95,0,770001
3302,Tire Equipment,55,55,"Pellentesque rutrum, lorem ac tincidunt auctor, neque orci commodo urna, in pellentesque ipsum turpis in dui",49,0,770222
3303,Computer Gizmo,69,69,Sed accumsan pretium interdum,113,0,779999
3304,Hair Care Gizmo,56,56,"Integer viverra venenatis mauris, a pharetra dolor accumsan a",137.95,0,770003
3305,First Aid Whatchamacallit,41,41,Sed in enim at felis tempus dictum sed vel mi,81.95,0,770002
3306,Womens Accessory,53,53,Aenean tempor elit et venenatis imperdiet,24,0,770001
3307,Truck Apparatus,35,35,Proin commodo varius lorem nec venenatis,114.95,0,770222
3308,Sports Rig,21,21,"Donec a sapien dictum, porttitor nibh ut, tempus urna",171,0,779999
3309,Aquarium Doodad,34,34,"Ut gravida lectus sed lorem feugiat, eleifend porta turpis egestas",40.95,0,770003
3310,Hair Care Supplies,45,45,Vestibulum ut aliquam orci,14,0,770002
3311,Music Implement,71,71,Fusce quis dui sed ligula viverra tempus in ac orci,27.95,0,770001
3312,Kitchen Widget,39,39,Quisque vel felis libero,136.95,0,770222
3313,Phone Kit,59,59,"Quisque sit amet orci finibus, pulvinar arcu eu, vehicula nulla",177.95,0,779999
3314,Hair Care Instrument,43,43,"Quisque erat odio, laoreet ac molestie sed, molestie cursus ligula",36,0,770003
3315,Book Doodad,68,68,"In gravida dolor dolor, id volutpat dui condimentum eu",133.99,0,770002
3316,Fitness Mechanism,44,44,Nam in est id purus laoreet tincidunt nec nec justo,190,0,770001
3317,Furniture Component,39,39,Pellentesque dignissim mi a sem dapibus eleifend,115.95,0,770222
3318,Furniture Machine,21,21,"Ut venenatis elit quam, eget pulvinar augue finibus sed",85.99,0,779999
3319,Engine Gadget,24,24,"Vestibulum quam eros, semper nec sollicitudin et, rhoncus ac nulla",191.95,0,770003
3320,Biking Kit,41,41,Integer convallis turpis vitae condimentum tincidunt,191.95,0,770002
3321,Computer Mechanism,54,54,Phasellus at ipsum pellentesque metus molestie rutrum,112.99,0,770001
3322,Dining Supplies,47,47,Pellentesque posuere imperdiet maximus,39,0,770222
3323,Cat Kit,65,65,Suspendisse potenti,35,0,779999
3324,Beach Accessory,56,56,"Suspendisse ante erat, viverra et dui euismod, semper rhoncus neque",57,0,770003
3325,Truck Component,22,22,"Vivamus mauris quam, accumsan at metus ut, ullamcorper luctus sem",151,0,770002
3326,Skin Care Doodad,20,20,Suspendisse potenti,10,0,770001
3327,Truck Widget,40,40,"Etiam neque libero, semper sed ex eu, rutrum dignissim diam",162,0,770222
3328,Beach Doodad,50,50,Integer ultricies viverra ipsum id luctus,123.95,0,779999
3329,Movie Implement,63,63,"Suspendisse massa orci, iaculis id facilisis tempus, gravida in est",179.99,0,770003
3330,Phone Gear,35,35,"Donec lacus sapien, mollis nec consequat at, sodales sit amet orci",111.99,0,770002
3331,Nutrition Widget,26,26,Integer viverra lobortis malesuada,114.95,0,770001
3332,Fitness Thingamajig,69,69,Donec placerat eu metus a interdum,60,0,770222
3333,Cat Kit,24,24,"Donec a sapien dictum, porttitor nibh ut, tempus urna",96,0,779999
3334,Vitamin Mechanism,38,38,Ut cursus vehicula fringilla,89,0,770003
3335,Game Paraphernalia,18,18,"Curabitur vulputate quam sit amet orci semper, vel efficitur ipsum tempor",129.95,0,770002
3336,Makeup Instrument,38,38,"Quisque lacus urna, tristique quis ex vel, ullamcorper suscipit nibh",116.95,0,770001
3337,Toy Instrument,22,22,"Donec accumsan sapien vel nulla tristique, id convallis risus commodo",137,0,770222
3338,First Aid Accessory,63,63,"Maecenas nisi ipsum, tristique eu metus eu, tincidunt accumsan nibh",29,0,779999
3339,Outdoors Gizmo,44,44,Praesent mollis a lacus ornare fringilla,42,0,770003
3340,Book Supplies,29,29,Etiam nec malesuada tellus,80.95,0,770002
3341,Skin Care Gear,19,19,Aliquam dapibus et lectus id tincidunt,174.95,0,770001
3342,Computer Mechanism,28,28,"Nullam eleifend nisl sed leo bibendum, quis laoreet massa vestibulum",49,0,770222
3343,Camera Kit,42,42,Suspendisse ac nulla dui,177.95,0,779999
3344,Jewelry Doodad,43,43,Vivamus porttitor elementum iaculis,185,0,770003
3345,Dining Item,35,35,"In tempor tortor sit amet leo sollicitudin, ultrices commodo turpis posuere",164,0,770002
3346,Medicine Kit,30,30,"Nam facilisis, turpis sed finibus venenatis, sem dolor cursus libero, id hendrerit eros enim ut eros",161.95,0,770001
3347,Bedding Gear,29,29,"Integer interdum turpis ex, in vehicula magna consequat auctor",139,0,770222
3348,Vitamin Instrument,57,57,Maecenas pulvinar sollicitudin pretium,116.99,0,779999
3349,Furniture Machine,43,43,"Ut non hendrerit velit, nec mattis dolor",164,0,770003
3350,Outdoors Gadget,22,22,Pellentesque consectetur nisl ut scelerisque varius,141.95,0,770002
3351,Aquarium Gadget,56,56,Nunc viverra fringilla purus nec pellentesque,123.99,0,770001
3352,Skin Care Supplies,28,28,Suspendisse fermentum ex vel volutpat luctus,157.95,0,770222
3353,Camping Accessory,71,71,Mauris suscipit purus sed volutpat dictum,38,0,779999
3354,Cat Gear,44,44,"Duis mauris leo, elementum at felis non, cursus maximus leo",140.95,0,770003
3355,Baby Implement,29,29,Donec dictum est nec auctor condimentum,28.95,0,770002
3356,Swimming Equipment,55,55,Donec iaculis ante in arcu hendrerit euismod,54,0,770001
3357,Sports Paraphernalia,63,63,Nam varius magna et dolor tristique pretium,120.99,0,770222
3358,Computer Contraption,27,27,Ut eu nulla vitae ipsum vestibulum eleifend,86.95,0,779999
3359,Mens Doodad,23,23,Nullam vestibulum augue id ipsum venenatis lobortis,154.95,0,770003
3360,Beach Gear,65,65,In hac habitasse platea dictumst,169.95,0,770002
3361,Sports Implement,22,22,Proin convallis vel tellus a bibendum,108,0,770001
3362,Vitamin Item,48,48,"Phasellus ut ante eleifend, ultrices massa non, varius diam",93.95,0,770222
3363,Nutrition Doodad,43,43,"Praesent aliquam tellus lobortis arcu rutrum, ac tincidunt arcu egestas",173,0,779999
3364,Book Accessory,31,31,"Aliquam venenatis nunc justo, at dignissim arcu bibendum non",156,0,770003
3365,Jewelry Thingamajig,21,21,Donec tincidunt fringilla pretium,106,0,770002
3366,Car Supplies,54,54,"Mauris et libero tincidunt, congue magna ut, gravida dui",12.95,0,770001
3367,Medicine Item,55,55,Vivamus dignissim in purus a eleifend,185,0,770222
3368,Technology Gizmo,21,21,Etiam tristique ex sit amet justo tristique scelerisque,157,0,779999
3369,Baby Paraphernalia,29,29,Aliquam erat volutpat,44.99,0,770003
3370,Bath Attachment,41,41,"Morbi nulla massa, accumsan ut congue tempus, aliquam sit amet libero",121.99,0,770002
3371,Storage Instrument,29,29,Suspendisse potenti,16.99,0,770001
3372,Kitchen Doodad,25,25,Sed mollis imperdiet metus vel malesuada,100.95,0,770222
3373,Cleaning Apparatus,62,62,Nam scelerisque eleifend lorem ut efficitur.,140.99,0,779999
3374,First Aid Equipment,55,55,"Praesent ante tortor, auctor in eleifend a, ornare vitae odio",18.99,0,770003
3375,Nutrition Whatchamacallit,38,38,Etiam ac tempus felis,78.95,0,770002
3376,Outdoors Tool,76,76,Sed consequat metus non accumsan rutrum.,148,0,770001
3377,Personal Item,54,54,Cras vulputate nisl a scelerisque bibendum,58.95,0,770222
3378,Personal Equipment,45,45,Suspendisse dignissim mi nec dolor rutrum semper.,123,0,779999
3379,Camera Gadget,31,31,Praesent accumsan venenatis leo eget tempor,87.99,0,770003
3380,Kitchen Instrument,30,30,Donec elementum volutpat porttitor,135.99,0,770002
3381,Book Supplies,61,61,Praesent blandit vestibulum luctus,10,0,770001
3382,Jewelry Implement,43,43,Nulla nec gravida sapien,54.99,0,770222
3383,Dining Thingamajig,26,26,Nunc porta egestas arcu,122,0,779999
3384,Mens Kit,30,30,"Curabitur ex nibh, ullamcorper ut sollicitudin eget, lacinia eget dolor.",199.99,0,770003
3385,Car Apparatus,67,67,Sed pharetra non urna quis luctus,53,0,770002
3386,Cooking Rig,66,66,"Integer imperdiet justo quis tortor pharetra, non tempor urna ornare",174,0,770001
3387,Camping Equipment,36,36,In bibendum quam sed ante vehicula feugiat,158.99,0,770222
3388,Kids Gadget,63,63,"Cras felis enim, rutrum a imperdiet et, vehicula at metus",126.99,0,779999
3389,Cat Gear,64,64,Quisque nec libero odio,85,0,770003
3390,Jewelry Mechanism,70,70,Sed ac ligula eget orci consectetur interdum,66.95,0,770002
3391,Womens Doodad,42,42,"Vivamus sit amet fringilla massa, id maximus libero",22.99,0,770001
3392,Toy Gadget,71,71,"Quisque scelerisque venenatis velit, eu porttitor felis mattis non",86,0,770222
3393,Swimming Device,61,61,"Quisque lacus urna, tristique quis ex vel, ullamcorper suscipit nibh",184.99,0,779999
3394,Aquarium Device,55,55,Proin imperdiet feugiat consectetur,33.99,0,770003
3395,Aquarium Item,30,30,Etiam interdum odio nec suscipit finibus,103,0,770002
3396,Movie Whatchamacallit,74,74,Quisque nec imperdiet lectus,108.95,0,770001
3397,Fitness Component,18,18,Vestibulum porta egestas vulputate,80.95,0,770222
3398,First Aid Contraption,34,34,Fusce efficitur metus ut orci ullamcorper suscipit,152.95,0,779999
3399,Computer Whatchamacallit,71,71,Suspendisse ornare quis odio eget suscipit,24,0,770003
3400,Beach Contraption,72,72,"Nam sed ex mollis, luctus nisi at, rhoncus sapien",62.99,0,770002
3401,First Aid Thingamajig,21,21,Sed vel sem quis sapien cursus convallis placerat sit amet sapien,192,0,770001
3402,Cleaning Doodad,44,44,Maecenas ac porttitor justo,122.99,0,770222
3403,Sports Paraphernalia,20,20,Quisque et tortor in justo venenatis facilisis a ac quam,149,0,779999
3404,Truck Thingamajig,41,41,Mauris ac sapien a est dictum volutpat,114.95,0,770003
3405,Jewelry Component,72,72,"Aliquam elementum aliquet nulla, posuere venenatis nisi laoreet at",53,0,770002
3406,Aquarium Widget,65,65,Aenean sagittis sapien sed justo suscipit egestas,68,0,770001
3407,Sports Machine,47,47,Nunc pretium elit non felis placerat placerat,113,0,770222
3408,Personal Paraphernalia,64,64,Nullam luctus fringilla accumsan,32.99,0,779999
3409,Beach Instrument,73,73,Duis sagittis ultrices orci vitae feugiat,198.99,0,770003
3410,Baby Accessory,41,41,"Mauris at fringilla augue, nec varius nibh",68,0,770002
3411,Camping Whatchamacallit,74,74,"Sed ut leo ultricies, eleifend est ut, pellentesque eros.",167.95,0,770001
3412,Biking Accessory,69,69,"Integer ligula leo, blandit ut lorem tempus, eleifend convallis odio",69.95,0,770222
3413,Bath Tool,51,51,"Ut sed tincidunt nibh, non cursus nunc.",197.95,0,779999
3414,Music Gear,23,23,"Cras est ipsum, molestie vel vulputate vulputate, iaculis ac tellus",137,0,770003
3415,Bath Supplies,73,73,Donec a tincidunt dolor,100.95,0,770002
3416,Gardening Attachment,45,45,"Sed non urna iaculis, ultrices ligula id, ultricies lacus",94.99,0,770001
3417,Camping Gizmo,43,43,Pellentesque ut volutpat augue,129,0,770222
3418,Jewelry Thingamajig,58,58,Suspendisse potenti,151.99,0,779999
3419,Beach Machine,45,45,"Mauris at fringilla augue, nec varius nibh",22.95,0,770003
3420,Vitamin Gadget,30,30,"Sed purus urna, egestas ac dolor vehicula, cursus mattis turpis",56.95,0,770002
3421,Truck Instrument,39,39,Suspendisse ac nulla dui,34.99,0,770001
3422,Cat Attachment,76,76,"Integer vel commodo massa, eget imperdiet sapien",195,0,770222
3423,Fitness Rig,35,35,"Fusce ultrices vestibulum justo, sed congue ligula blandit ut",182,0,779999
3424,Sports Rig,62,62,Etiam ac ultrices augue,151.99,0,770003
3425,Book Apparatus,36,36,Praesent sit amet ex eget massa malesuada laoreet ac non sapien,144,0,770002
3426,Vitamin Widget,62,62,"Ut semper velit ut elit ullamcorper, ac vulputate libero rutrum",67.99,0,770001
3427,Womens Gizmo,46,46,"Integer efficitur viverra sapien, sed venenatis eros sagittis at",21,0,770222
3428,Dog Device,27,27,Nulla non tempus turpis,102,0,779999
3429,Womens Paraphernalia,31,31,Integer laoreet purus eget enim imperdiet ultrices,197.99,0,770003
3430,Nutrition Machine,68,68,Phasellus at ipsum pellentesque metus molestie rutrum,177,0,770002
3431,Computer Thingamajig,50,50,Ut eleifend ultricies est quis imperdiet,168.95,0,770001
3432,Kids Thingamajig,26,26,In scelerisque tincidunt erat vel finibus,14.95,0,770222
3433,Furniture Instrument,61,61,Curabitur nec nibh metus,68.99,0,779999
3434,Personal Gear,57,57,"Morbi nulla massa, accumsan ut congue tempus, aliquam sit amet libero",189,0,770003
3435,Book Apparatus,51,51,Suspendisse potenti,152.99,0,770002
3436,Jewelry Mechanism,60,60,In hac habitasse platea dictumst,151.95,0,770001
3437,Fitness Equipment,60,60,"Donec sodales maximus lectus, vitae blandit eros congue a",124,0,770222
3438,Computer Apparatus,70,70,"Aliquam eget elit ultricies, molestie leo vel, vulputate tortor",71,0,779999
3439,Kitchen Machine,63,63,"Donec ex erat, auctor ac facilisis at, bibendum at nisi",136.95,0,770003
3440,Vitamin Mechanism,66,66,Maecenas condimentum eros eget vestibulum aliquam,180.99,0,770002
3441,Hair Care Gear,26,26,Quisque nec libero odio,98.99,0,770001
3442,Skin Care Contraption,40,40,"Lorem ipsum dolor sit amet, consectetur adipiscing elit",155.95,0,770222
3443,Camera Item,37,37,Quisque faucibus aliquet dolor,108.99,0,779999
3444,Toy Whatchamacallit,74,74,"Nunc velit mi, tincidunt faucibus eleifend ac, iaculis in nulla.",159,0,770003
3445,Nutrition Widget,36,36,"Aliquam vel vulputate eros, eget faucibus elit",18.95,0,770002
3446,Hair Care Equipment,25,25,Cras pharetra auctor imperdiet,156,0,770001
3447,Kitchen Implement,35,35,Sed ultrices nunc enim,33.99,0,770222
3448,Dog Component,33,33,"Morbi enim ipsum, commodo non sem eget, pharetra porta nibh",156.95,0,779999
3449,Kitchen Accessory,45,45,"In semper urna sem, sagittis rutrum magna volutpat in",155,0,770003
3450,Dog Device,45,45,"Cras vehicula, justo sit amet congue fringilla, quam augue interdum nulla, at pretium massa tellus in arcu",69.95,0,770002
3451,Dog Apparatus,72,72,"Fusce orci justo, elementum vel mi sit amet, ultrices tempor eros",152.99,0,770001
3452,Mens Rig,58,58,"Integer diam nunc, euismod ac ornare sed, cursus et ante",91,0,770222
3453,Nutrition Whatchamacallit,18,18,Mauris auctor libero eu hendrerit consectetur,194.95,0,779999
3454,Sports Machine,30,30,Nullam venenatis auctor magna quis cursus,33.95,0,770003
3455,Music Tool,40,40,Suspendisse potenti,134.95,0,770002
3456,Skin Care Widget,29,29,Cras a ante sem,103,0,770001
3457,Tire Mechanism,75,75,"Suspendisse quam erat, euismod eget velit sed, elementum venenatis lacus",158.99,0,770222
3458,Kids Supplies,68,68,Nunc nec ante et metus malesuada blandit,186.99,0,779999
3459,Bath Implement,19,19,"Phasellus vehicula sem in nisl consectetur, vel tincidunt tortor blandit",113,0,770003
3460,Aquarium Implement,46,46,Cras hendrerit pellentesque nunc id gravida,168.95,0,770002
3461,Baby Tool,66,66,Sed suscipit et mi nec lobortis,149.95,0,770001
3462,Music Thingamajig,58,58,Suspendisse feugiat sapien orci,102.95,0,770222
3463,Computer Gear,49,49,Mauris auctor libero eu hendrerit consectetur,175.99,0,779999
3464,Camera Kit,24,24,"Nam accumsan, risus sit amet finibus tristique, nibh libero efficitur dolor, vel lobortis tortor ligula sed nunc",138.95,0,770003
3465,Engine Implement,41,41,Vestibulum ante ipsum primis in faucibus orci luctus et ultrices posuere cubilia curae; Curabitur eget risus ut velit vulputate rutrum nec eget metus,40.95,0,770002
3466,Storage Kit,26,26,Nulla non nibh ante,35,0,770001
3467,Technology Paraphernalia,45,45,"Nunc velit mi, tincidunt faucibus eleifend ac, iaculis in nulla.",197.99,0,770222
3468,Storage Machine,18,18,Donec ornare tempus mauris et facilisis.,63,0,779999
3469,Toy Thingamajig,71,71,Aliquam sed feugiat sem,79.95,0,770003
3470,Hair Care Doodad,42,42,"Donec maximus, dui malesuada auctor suscipit, mauris felis bibendum dui, pellentesque tempor elit risus in odio",106.99,0,770002
3471,Music Gizmo,76,76,"Nam cursus placerat augue, a semper eros gravida bibendum",168,0,770001
3472,Vitamin Implement,28,28,"Mauris tortor augue, commodo sit amet ipsum ac, porttitor aliquet augue",32.95,0,770222
3473,Engine Widget,35,35,Praesent dictum ac dui a efficitur,55,0,779999
3474,Kitchen Thingamajig,37,37,"Aenean imperdiet nulla ante, vel tempor dolor consectetur quis",118.95,0,770003
3475,Fitness Device,34,34,"Donec nulla urna, maximus ut tellus in, accumsan mollis sem.",68.99,0,770002
3476,Nutrition Tool,27,27,"Mauris sem erat, fringilla id lectus sit amet, vestibulum tempor arcu.",105,0,770001
3477,Hair Care Mechanism,48,48,Proin convallis vel tellus a bibendum,102.99,0,770222
3478,Game Paraphernalia,34,34,Vestibulum ante ipsum primis in faucibus orci luctus et ultrices posuere cubilia curae; Curabitur eget risus ut velit vulputate rutrum nec eget metus,129,0,779999
3479,Engine Gear,45,45,"Sed ut leo ultricies, eleifend est ut, pellentesque eros.",21,0,770003
3480,Womens Gadget,45,45,"Phasellus sit amet hendrerit lectus, non egestas ligula",170.99,0,770002
3481,Mens Device,58,58,Sed mollis imperdiet metus vel malesuada,182.95,0,770001
3482,Car Device,45,45,"In semper urna sem, sagittis rutrum magna volutpat in",146.99,0,770222
3483,Movie Item,46,46,Nulla vestibulum maximus justo eget efficitur,74.95,0,779999
3484,Beach Thingamajig,55,55,Praesent venenatis luctus ante eu consequat.,17,0,770003
3485,Womens Machine,27,27,"Class aptent taciti sociosqu ad litora torquent per conubia nostra, per inceptos himenaeos",41,0,770002
3486,Jewelry Device,31,31,Etiam interdum odio nec suscipit finibus,135.95,0,770001
3487,Furniture Contraption,70,70,In hac habitasse platea dictumst,127,0,770222
3488,Car Tool,45,45,Praesent vitae maximus quam,15.95,0,779999
3489,Outdoors Paraphernalia,19,19,"Vestibulum ante ipsum primis in faucibus orci luctus et ultrices posuere cubilia curae; Phasellus malesuada tempor odio, sed imperdiet sapien",60.99,0,770003
3490,Furniture Apparatus,31,31,Donec ut purus lacus,146,0,770002
3491,Aquarium Attachment,34,34,In elementum lectus vitae facilisis faucibus,48,0,770001
3492,Dog Equipment,68,68,Vivamus dictum lorem id lacus convallis lacinia quis nec quam,43.99,0,770222
3493,Toy Item,65,65,Pellentesque vehicula efficitur libero,76.99,0,779999
3494,Dining Kit,41,41,"Lorem ipsum dolor sit amet, consectetur adipiscing elit",64,0,770003
3495,Bedding Kit,30,30,"Nam malesuada lorem ut lacus tincidunt, id pellentesque velit pulvinar",51.99,0,770002
3496,Aquarium Mechanism,54,54,"Duis suscipit, odio convallis luctus pulvinar, urna turpis vehicula urna, et pulvinar dolor justo id lacus",54.99,0,770001
3497,Nutrition Component,72,72,Vestibulum sed felis et dui dignissim blandit,166.99,0,770222
3498,Medicine Attachment,58,58,"Quisque ligula ipsum, sollicitudin feugiat consequat ut, elementum in ligula",126.95,0,779999
3499,Phone Contraption,77,77,Vestibulum lacinia massa nec viverra vulputate,149.95,0,770003
3500,Music Component,50,50,"Duis convallis ante ipsum, id suscipit sem ultricies quis",185.95,0,770002
3501,Makeup Gizmo,38,38,In et justo non elit molestie dapibus sed eu velit,198,0,770001
3502,Skin Care Widget,54,54,Proin vehicula felis non ligula sollicitudin placerat ut nec mauris,104.95,0,770222
3503,Cooking Paraphernalia,60,60,"Integer viverra venenatis mauris, a pharetra dolor accumsan a",190.95,0,779999
3504,First Aid Instrument,34,34,"Cras metus ipsum, viverra vel ligula in, finibus eleifend odio",35,0,770003
3505,Aquarium Mechanism,61,61,Vivamus dignissim in purus a eleifend,13.95,0,770002
3506,Home Improvement Instrument,25,25,"Aliquam egestas ipsum mauris, et commodo dui consectetur quis",197.95,0,770001
3507,Fitness Mechanism,18,18,Pellentesque posuere imperdiet maximus,101,0,770222
3508,Jewelry Tool,62,62,Quisque laoreet ullamcorper consequat,92.95,0,779999
3509,Personal Instrument,48,48,Donec venenatis tincidunt eros nec volutpat,90,0,770003
3510,Beach Rig,63,63,Mauris mattis mauris vitae scelerisque condimentum,33.95,0,770002
3511,Tire Whatchamacallit,30,30,Sed ullamcorper id ligula at placerat.,193.95,0,770001
3512,Game Whatchamacallit,67,67,"Integer tempor metus convallis lorem dignissim, vel porttitor mauris varius",18.95,0,770222
3513,Nutrition Instrument,38,38,Maecenas maximus condimentum efficitur,97.95,0,779999
3514,Truck Implement,39,39,Ut volutpat gravida est suscipit tincidunt,47.95,0,770003
3515,Movie Item,45,45,Vestibulum hendrerit vulputate euismod,24.95,0,770002
3516,Gardening Implement,69,69,Donec dictum est nec auctor condimentum,34,0,770001
3517,Bedding Doodad,59,59,Cras pharetra iaculis urna porttitor vestibulum,60.99,0,770222
3518,Cooking Gizmo,43,43,"Ut elementum metus eget lectus accumsan, eget pellentesque enim mollis",136.95,0,779999
3519,Skin Care Gizmo,28,28,Donec tempor tempus consectetur,152,0,770003
3520,Fitness Equipment,52,52,Ut rhoncus malesuada eleifend,73.95,0,770002
3521,Cat Item,72,72,"Phasellus vel egestas orci, vel cursus neque",69,0,770001
3522,Beach Gear,39,39,Nullam volutpat ut dui nec gravida,60,0,770222
3523,Outdoors Contraption,53,53,Nulla eu justo lorem.,193,0,779999
3524,Storage Implement,73,73,"Integer ipsum ante, eleifend id ante aliquam, feugiat efficitur sapien",37,0,770003
3525,Skin Care Instrument,54,54,Aenean sagittis sapien sed justo suscipit egestas,88.99,0,770002
3526,Storage Implement,55,55,"Maecenas sed venenatis purus, quis viverra turpis",64.95,0,770001
3527,Dining Widget,74,74,Ut sit amet eros orci,72.99,0,770222
3528,Truck Kit,29,29,In condimentum viverra congue,27,0,779999
3529,Cat Machine,18,18,"Sed finibus dolor at mauris rhoncus, et ornare est venenatis",104,0,770003
3530,Computer Equipment,68,68,Vestibulum ante ipsum primis in faucibus orci luctus et ultrices posuere cubilia curae; Nam a lectus nibh.,94.99,0,770002
3531,Womens Apparatus,30,30,Donec et odio ac leo elementum lacinia,51,0,770001
3532,Game Widget,31,31,Integer ut tellus leo,176,0,770222
3533,Jewelry Tool,26,26,"Vestibulum libero purus, finibus eu maximus a, fermentum eget ex.",39.99,0,779999
3534,Car Gear,74,74,Vestibulum semper ut velit ut egestas,142,0,770003
3535,Biking Thingamajig,39,39,"Maecenas nisi ipsum, tristique eu metus eu, tincidunt accumsan nibh",198.99,0,770002
3536,Sports Paraphernalia,70,70,"Nullam nulla ligula, malesuada quis enim vel, ultrices dapibus mauris",116.95,0,770001
3537,Medicine Attachment,36,36,Sed vulputate nunc eget finibus convallis,116,0,770222
3538,Camera Gear,21,21,"Duis sed dapibus orci, nec iaculis nisi",25.99,0,779999
3539,Swimming Instrument,31,31,Nam fringilla aliquet tellus ac pretium,96.99,0,770003
3540,Party Accessory,38,38,"Suspendisse semper tortor sapien, eu cursus nisi fermentum non",195.99,0,770002
3541,Game Implement,69,69,"Phasellus feugiat diam enim, nec molestie urna porta vitae",107,0,770001
3542,Biking Supplies,46,46,Nulla et lectus tellus,88.95,0,770222
3543,Beach Item,20,20,Vestibulum blandit mi quis leo euismod faucibus,12.99,0,779999
3544,Bedding Gizmo,29,29,"Donec sodales maximus lectus, vitae blandit eros congue a",59.99,0,770003
3545,Nutrition Supplies,67,67,"Orci varius natoque penatibus et magnis dis parturient montes, nascetur ridiculus mus",52.95,0,770002
3546,Beach Accessory,46,46,Phasellus a sagittis justo,150.99,0,770001
3547,Beach Rig,30,30,"Nulla neque tellus, ultrices non consequat vitae, vehicula vulputate orci",66.99,0,770222
3548,Skin Care Machine,20,20,Donec quis luctus risus,143.99,0,779999
3549,Kitchen Supplies,31,31,Nam eget aliquet magna,45.99,0,770003
3550,Gardening Whatchamacallit,70,70,Sed in rhoncus lacus,57.95,0,770002
3551,Biking Thingamajig,36,36,"Nullam et malesuada justo, ac scelerisque libero",34,0,770001
3552,Toy Doodad,72,72,Nullam sit amet efficitur nunc,83,0,770222
3553,Camera Whatchamacallit,30,30,"Suspendisse ultricies mi eget nisi vehicula, at aliquam nunc interdum",52.95,0,779999
3554,Party Implement,18,18,"Suspendisse a leo porta, bibendum justo ut, gravida ex",27.99,0,770003
3555,Cooking Machine,48,48,Praesent cursus justo ac sapien maximus ullamcorper,189,0,770002
3556,Gardening Component,22,22,"Cras vehicula, justo sit amet congue fringilla, quam augue interdum nulla, at pretium massa tellus in arcu",101.95,0,770001
3557,Furniture Accessory,67,67,Proin vehicula felis non ligula sollicitudin placerat ut nec mauris,154.99,0,770222
3558,Hair Care Item,19,19,Maecenas aliquet egestas aliquet,63,0,779999
3559,Mens Kit,24,24,Integer posuere nulla egestas dignissim faucibus,100.95,0,770003
3560,Outdoors Gizmo,47,47,"Sed finibus dolor at mauris rhoncus, et ornare est venenatis",59.95,0,770002
3561,Music Gizmo,29,29,"Sed eu felis pretium, tincidunt risus quis, tempus lorem",194.99,0,770001
3562,Personal Component,57,57,Phasellus a malesuada nisl.,64,0,770222
3563,Cat Rig,75,75,In hac habitasse platea dictumst,109.95,0,779999
3564,Computer Apparatus,54,54,Vivamus iaculis urna non enim maximus condimentum,83,0,770003
3565,Biking Item,39,39,"Sed tortor ex, egestas a tempus id, sagittis at nulla.",131.95,0,770002
3566,Game Gizmo,56,56,Vestibulum eleifend egestas enim ut condimentum,93.99,0,770001
3567,Cleaning Doodad,48,48,"Mauris at fringilla augue, nec varius nibh",123.99,0,770222
3568,Jewelry Paraphernalia,45,45,"Proin vitae venenatis nibh, at tempus nibh",85,0,779999
3569,Gardening Paraphernalia,75,75,"Orci varius natoque penatibus et magnis dis parturient montes, nascetur ridiculus mus",94.99,0,770003
3570,Camera Tool,62,62,Duis facilisis justo eget mauris hendrerit bibendum in eu nulla,170.99,0,770002
3571,Storage Gizmo,33,33,Sed sit amet ex eros,71,0,770001
3572,Nutrition Gadget,36,36,Vestibulum ante ipsum primis in faucibus orci luctus et ultrices posuere cubilia curae; Nam a lectus nibh.,89,0,770222
3573,Toy Kit,19,19,Phasellus tincidunt tristique placerat,135.95,0,779999
3574,Cleaning Gadget,63,63,Nam dignissim consequat finibus,36.95,0,770003
3575,Movie Mechanism,67,67,Cras et pulvinar lorem,47.99,0,770002
3576,Furniture Component,63,63,Vestibulum ante ipsum primis in faucibus orci luctus et ultrices posuere cubilia curae; Nam a lectus nibh.,75.95,0,770001
3577,Engine Component,54,54,"Class aptent taciti sociosqu ad litora torquent per conubia nostra, per inceptos himenaeos",192,0,770222
3578,Dining Item,36,36,"Praesent faucibus, nibh sed convallis lobortis, enim erat gravida ante, ut vehicula quam orci in orci",34.99,0,779999
3579,Tire Paraphernalia,65,65,Maecenas eu posuere sapien,120.95,0,770003
3580,Camera Doodad,18,18,Donec feugiat tellus in odio volutpat commodo,71,0,770002
3581,Personal Paraphernalia,68,68,Nulla id mi quis lorem malesuada gravida.,48,0,770001
3582,Outdoors Mechanism,55,55,Mauris mattis mauris vitae scelerisque condimentum,184,0,770222
3583,Dog Thingamajig,21,21,Etiam dignissim neque non mattis blandit,57.99,0,779999
3584,Skin Care Device,71,71,"In semper urna sem, sagittis rutrum magna volutpat in",137.95,0,770003
3585,Cooking Supplies,65,65,Etiam ut purus nunc,149,0,770002
3586,Vitamin Rig,71,71,"Nulla vestibulum fringilla nulla, eget ornare urna hendrerit quis",183.99,0,770001
3587,Camera Component,73,73,Nulla non nibh ante,85.99,0,770222
3588,Dining Kit,66,66,Praesent maximus cursus imperdiet,117.95,0,779999
3589,Baby Instrument,76,76,"Fusce rutrum erat mattis sem molestie, eget lobortis neque dapibus",105.99,0,770003
3590,Camping Mechanism,41,41,"Duis mauris leo, elementum at felis non, cursus maximus leo",187,0,770002
3591,Sports Thingamajig,53,53,"Phasellus non ligula congue, bibendum nisl et, viverra nulla",27.95,0,770001
3592,Womens Equipment,22,22,Pellentesque bibendum et dui non efficitur,170.99,0,770222
3593,Personal Item,37,37,"Morbi eleifend libero vel augue gravida, nec maximus libero tincidunt",41,0,779999
3594,Movie Supplies,60,60,Integer pellentesque fringilla libero quis cursus,62.95,0,770003
3595,Skin Care Widget,26,26,"Fusce elit mi, tincidunt quis nisl commodo, ultrices ornare sem",90.99,0,770002
3596,Makeup Mechanism,65,65,Phasellus mattis justo non metus vulputate vehicula,95,0,770001
3597,Cat Device,53,53,Proin gravida mauris vel sem lacinia mattis,139,0,770222
3598,Storage Device,32,32,Praesent mollis a lacus ornare fringilla,191,0,779999
3599,Camera Widget,60,60,Proin vestibulum porttitor luctus,120.99,0,770003
3600,Personal Gear,31,31,"Class aptent taciti sociosqu ad litora torquent per conubia nostra, per inceptos himenaeos",86.99,0,770002
3601,Movie Item,70,70,"Integer quis tristique magna, eu fringilla lorem",48.95,0,770001
3602,Hair Care Mechanism,40,40,Suspendisse faucibus volutpat lacus quis auctor,34,0,770222
3603,Hair Care Paraphernalia,76,76,Donec quis elit sit amet justo porttitor condimentum et nec urna,190.95,0,779999
3604,Gardening Component,19,19,Praesent ac nulla et nibh fringilla ultricies,98,0,770003
3605,Kitchen Kit,62,62,"Phasellus vehicula mauris vitae ante rhoncus, et volutpat sapien faucibus",49.95,0,770002
3606,Truck Accessory,54,54,Nulla vulputate lobortis odio ac mollis,157.95,0,770001
3607,Biking Contraption,33,33,Nunc placerat tempor ipsum,24.99,0,770222
3608,Tire Kit,65,65,"Fusce nec diam aliquet, faucibus erat in, accumsan arcu",112.99,0,779999
3609,Dog Kit,32,32,In et justo non elit molestie dapibus sed eu velit,196,0,770003
3610,Phone Supplies,32,32,"Mauris nunc mauris, pellentesque sit amet erat a, rhoncus placerat purus",144.95,0,770002
3611,Kids Accessory,73,73,"Etiam dui nunc, sodales ultrices laoreet vel, varius vel purus",66.95,0,770001
3612,Technology Apparatus,30,30,"Mauris sem erat, fringilla id lectus sit amet, vestibulum tempor arcu.",163.99,0,770222
3613,Cat Kit,50,50,"Phasellus purus mauris, bibendum sit amet leo eu, tempor vestibulum neque",42.95,0,779999
3614,Music Device,69,69,Mauris suscipit purus sed volutpat dictum,117,0,770003
3615,Bath Supplies,44,44,"Suspendisse eu nunc consequat, tincidunt diam eget, ornare diam",162.95,0,770002
3616,Aquarium Supplies,23,23,Nulla facilisi,15,0,770001
3617,Sports Rig,65,65,Suspendisse potenti,109.95,0,770222
3618,Technology Attachment,21,21,"Vestibulum dui mauris, sagittis sit amet tristique eget, pellentesque non nibh",83,0,779999
3619,Nutrition Apparatus,55,55,Morbi ultrices et neque eu suscipit,60.95,0,770003
3620,Jewelry Rig,23,23,Vestibulum ante ipsum primis in faucibus orci luctus et ultrices posuere cubilia curae; Suspendisse luctus luctus metus et eleifend,18.95,0,770002
3621,Skin Care Tool,35,35,"Proin tellus nunc, cursus quis massa a, congue dictum massa",81,0,770003
3622,Cooking Widget,77,77,Curabitur vulputate massa nec elit feugiat volutpat,48.99,0,770002
3623,Womens Item,77,77,Pellentesque faucibus tempor mi eget tincidunt,42.95,0,770001